search_time,search_key,title,link,pub_date,description,source,newsUrl,content
2024-01-15 07:25:30,2330台積電,三大法人買賣超– 外資買超(2330)台積電、(2376)技嘉，投信買超(2330)台積電、(3231)緯創，法人合計賣超43.13億元(0109 ... - 豐雲學堂,https://news.google.com/rss/articles/CBMipANodHRwczovL3d3dy5zaW5vdHJhZGUuY29tLnR3L3JpY2hjbHViL2hvdHN0b2NrLyVFNCVCOCU4OSVFNSVBNCVBNyVFNiVCMyU5NSVFNCVCQSVCQSVFOCVCMiVCNyVFOCVCMyVBMyVFOCVCNiU4NS0lRTIlODAlOTMtJUU1JUE0JTk2JUU4JUIzJTg3JUU4JUIyJUI3JUU4JUI2JTg1LTIzMzAtJUU1JThGJUIwJUU3JUE5JThEJUU5JTlCJUJCLS0yMzc2LSVFNiU4QSU4MCVFNSU5OCU4OS0lRTYlOEElOTUlRTQlQkYlQTElRTglQjIlQjclRTglQjYlODUtMjMzMC0lRTUlOEYlQjAlRTclQTklOEQlRTklOUIlQkItLTMyMzEtJUU3JUI3JUFGJUU1JTg5JUI1LSVFNiVCMyU5NSVFNCVCQSVCQSVFNSU5MCU4OCVFOCVBOCU4OCVFOCVCMyVBMyVFOCVCNiU4NTQzLTEzJUU1JTg0JTg0JUU1JTg1JTgzLS0wMTA5LS02NTlkMDRhNjA4YWE3OTA3OGMwZmVkMmLSAQA?oc=5,2024-01-09 08:37:54,三大法人買賣超– 外資買超(2330)台積電、(2376)技嘉，投信買超(2330)台積電、(3231)緯創，法人合計賣超43.13億元(0109 ...,豐雲學堂,https://www.sinotrade.com.tw/richclub/hotstock/%E4%B8%89%E5%A4%A7%E6%B3%95%E4%BA%BA%E8%B2%B7%E8%B3%A3%E8%B6%85-%E2%80%93-%E5%A4%96%E8%B3%87%E8%B2%B7%E8%B6%85-2330-%E5%8F%B0%E7%A9%8D%E9%9B%BB--2376-%E6%8A%80%E5%98%89-%E6%8A%95%E4%BF%A1%E8%B2%B7%E8%B6%85-2330-%E5%8F%B0%E7%A9%8D%E9%9B%BB--3231-%E7%B7%AF%E5%89%B5-%E6%B3%95%E4%BA%BA%E5%90%88%E8%A8%88%E8%B3%A3%E8%B6%8543-13%E5%84%84%E5%85%83--0109--659d04a608aa79078c0fed2b,unknow domain
2024-01-15 07:25:30,2330台積電,台股失守17500點大關！台積電盤中跌6元、陽明挫6% 這3檔AI股卻穩住了 - Yahoo奇摩新聞,https://news.google.com/rss/articles/CBMijgJodHRwczovL3R3Lm5ld3MueWFob28uY29tLyVFNSU4RiVCMCVFOCU4MiVBMSVFNSVBNCVCMSVFNSVBRSU4ODE3NTAwJUU5JUJCJTlFJUU1JUE0JUE3JUU5JTk3JTlDLSVFNSU4RiVCMCVFNyVBOSU4RCVFOSU5QiVCQiVFNyU5QiVBNCVFNCVCOCVBRCVFOCVCNyU4QzYlRTUlODUlODMtJUU5JTk5JUJEJUU2JTk4JThFJUU2JThDJUFCNi0lRTklODAlOTkzJUU2JUFBJTk0YWklRTglODIlQTElRTUlOEQlQkIlRTclQTklQTklRTQlQkQlOEYlRTQlQkElODYtMDQwMDAwNzE5Lmh0bWzSAQA?oc=5,2024-01-10 04:16:01,台股失守17500點大關！台積電盤中跌6元、陽明挫6% 這3檔AI股卻穩住了,Yahoo奇摩新聞,https://tw.news.yahoo.com/%E5%8F%B0%E8%82%A1%E5%A4%B1%E5%AE%8817500%E9%BB%9E%E5%A4%A7%E9%97%9C-%E5%8F%B0%E7%A9%8D%E9%9B%BB%E7%9B%A4%E4%B8%AD%E8%B7%8C6%E5%85%83-%E9%99%BD%E6%98%8E%E6%8C%AB6-%E9%80%993%E6%AA%94ai%E8%82%A1%E5%8D%BB%E7%A9%A9%E4%BD%8F%E4%BA%86-040000719.html,"[FTNN新聞網]記者李惠婷／台北報導雖然美股四大指數周二收盤，漲跌互見，科技股由黑翻紅，但台股今（10）日仍以下跌39.82點、17495.67點開出，失守17500點關卡，更一度重挫近百點，目前仍下跌超過70點，至17465點上下震盪。台積電今最多下跌6元來到580元；AI指標股緯創、廣達和華碩即便營收呈現雙減，在輝達連兩日改寫新高下，今天仍守穩在盤上，其中緯創盤中上漲超過1.1%。航運三雄則倒成一片，陽明重挫超過6%。受到公債殖利率攀升影響，美股四大指數周二跳空開低，道瓊一度暴跌逾300點，那斯達克也重挫超過百點，不過，盤中急拉，雖然終場道瓊仍摔近160點，那斯達克卻逆轉上漲13.94 點，費半也微幅收紅。輝達續揚1.70%，股價來到531.40美元，再寫新高；台積電ADR則下跌0.34%。雖然美股仍維持強勢格局，但隨著2024大選逼近，台股近期顯得觀望氣氛濃厚，繼昨天開高走低後，今天再以下跌39.82點、17,495.67點開出，失守17500點關卡，不到10分鐘，重挫近百點，指數下探至17,439.27點，權值股和金融股走勢疲弱，航運股也仍在跳水中，截至上午11點23分為止，大盤仍跌70.13點，至17465.36點，跌幅0.40%。權王台積電（2330）在12月營收公布前，今天開盤最重跌6元，來到580元，隨著壓寶買盤進駐，跌幅收斂，甚至一度拉升至平盤，目前下跌1元至585元，跌幅0.17%；另一檔權值股聯發科（2454）則在平盤上下震盪，目前下跌2元，來到926元，跌幅0.22%；鴻海（2317）下跌0.5元，來到100.5元，跌幅0.50%。AI指標股方面，緯創（3231）上漲0.80元，至94.70元，漲幅0.74%；廣達（2382）上漲1.5元，來到217.50元，漲幅0.69%；華碩（2357）上漲4元，至459元，漲幅0.88%；技嘉（2376）下跌4元，至248元，跌幅1.59%。航運三雄則倒成一片，長榮（2603）下跌4.5元，至147元，跌幅2.97%；陽明（2609）下跌3.20元，來到48.50元，跌幅達6.09%；萬海（2615）下跌2元，至50.40元，跌幅3.82%。更多FTNN新聞網報導跨年前嗨噴！台積電狂漲、聯發科「重返千金榮耀」 台股終場漲146點收17751點航海王還沒玩完！台積電、聯發科領衝抗塑膠 台股漲52點收17596點鋼鐵類爆噴「逾10檔」衝漲停！航運三雄聯合撐盤 台股小漲20點收17673點"
2024-01-15 07:25:30,2330台積電,台積電營收／去年逾2.16兆元創歷史次高 第4季符合法人預期 - 經濟日報,https://news.google.com/rss/articles/CBMiLmh0dHBzOi8vbW9uZXkudWRuLmNvbS9tb25leS9zdG9yeS81NjA3Lzc2OTg2MzTSATJodHRwczovL21vbmV5LnVkbi5jb20vbW9uZXkvYW1wL3N0b3J5LzU2MDcvNzY5ODYzNA?oc=5,2024-01-10 05:46:38,台積電營收／去年逾2.16兆元創歷史次高 第4季符合法人預期,經濟日報,https://money.udn.com/money/story/5607/7698634,"  台積電（2330）今（10）日公佈2023年12月營收報告。2023年12月合併營收約為新台幣1,763億元，較上月減少了14.4%，較去年同期減少了8.4%。台積電累計2023年1至12月營收約為新台幣2兆1,617億3,600萬元，較去年同期減少了4.5%，台積電新台幣營收大致符合法人預期，並估計去年第4季美元財測順利達標。   由於台積電先前預告2023年全年美元營收估計年減少近一成約9%，法人並推估，台積電新台幣營收年減幅度約在2.15兆元上下，年減少約5%上下，而實際數據大致符合預期。   法人先前從台積電美元財測推估，台積電第4季新台幣計算的營收將約介於6,016億元至6,272億元，有望是今年營運高峰，去年12月預計介於1517.71-1779.71億元，而實際數據也符合法人預期。  延伸閱讀 台積電營收／上季財測達標！去年累計2.16兆元、年減4.5%  "
2024-01-15 07:25:30,2330台積電,台積電12月營收1763億Q4超越財測高標 - 工商時報,https://news.google.com/rss/articles/CBMiMmh0dHBzOi8vd3d3LmN0ZWUuY29tLnR3L25ld3MvMjAyNDAxMTA3MDEwMzctNDMwNTAx0gEA?oc=5,2024-01-10 05:49:00,台積電12月營收1763億Q4超越財測高標,工商時報,https://www.ctee.com.tw/news/20240110701037-430501,unknow domain
2024-01-15 07:25:30,2330台積電,史上次高！台積電2023年營收2.16兆元優於預期 - Yahoo奇摩股市,https://news.google.com/rss/articles/CBMi0AFodHRwczovL3R3LnN0b2NrLnlhaG9vLmNvbS9uZXdzLyVFNSU4RiVCMiVFNCVCOCU4QSVFNiVBQyVBMSVFOSVBQiU5OCVFRiVCQyU4MSVFNSU4RiVCMCVFNyVBOSU4RCVFOSU5QiVCQjIwMjMlRTUlQjklQjQlRTclODclOUYlRTYlOTQlQjYyMTYlRTUlODUlODYlRTUlODUlODMtJUU1JTg0JUFBJUU2JTk2JUJDJUU5JUEwJTkwJUU2JTlDJTlGLTA2MDUxMzkxNC5odG1s0gEA?oc=5,2024-01-10 06:05:13,史上次高！台積電2023年營收2.16兆元優於預期,Yahoo奇摩股市,https://tw.stock.yahoo.com/news/%E5%8F%B2%E4%B8%8A%E6%AC%A1%E9%AB%98%EF%BC%81%E5%8F%B0%E7%A9%8D%E9%9B%BB2023%E5%B9%B4%E7%87%9F%E6%94%B6216%E5%85%86%E5%85%83-%E5%84%AA%E6%96%BC%E9%A0%90%E6%9C%9F-060513914.html,晶圓代工龍頭台積電（2330）今（10）日下午公布2023年12月自結合併營收1763億元，低於11月，2023年全年合併營收2.16兆元、年減4.5％，改寫歷史次高。第4季業績略優於上一次法說會預期。延伸閱讀：台積電營收優於預期 分析師王兆立：台股準備衝萬八台積電12月營收較11月減少14.4％，是近半年的相對低業績，跟去年同期比則年減8.4％。第四季合併營收6255.28億元，季增達14.4％、年減約0.0005％，全年合併營收2.16兆元、年減4.5％，雙雙改寫歷史次高。台積電先前法說時預期，在假設新台幣兌美元平均匯率32元狀況下，2023年第四季合併營收將介於188～196億美元，季增8.8～13.4％、年減1.7～5.7％，以此推算估落於6016～6272億元，季增10～14.7％、年減3.8％至年增0.3％。台積電去年第四季合併營收預期中位數約6144億元，季增12.4％、年減1.8％，實際表現優於財測預期。台積電預估去年第四季毛利率降至51.5～53.5％、營益率則降至38～40％，預估中位數為52.5％、39％，分降至近2年、近4年低點。Yahoo財經特派記者 葉憶如：22年財經主流媒體資歷，從2000年Web1.0泡沫化到Meta元宇宙Web3.0，見證台灣大小企業集團興衰史，歷經國際5次金融危機。認為金融即生活，無所不在，再難的理財知識要淺白的說。無論老小都該理財，你不理財，財不理你。
2024-01-15 07:25:30,2330台積電,台積電去年Q4營收達成財測，全年年減4.5%，優於預期 - Yahoo奇摩股市,https://news.google.com/rss/articles/CBMi4QFodHRwczovL3R3LnN0b2NrLnlhaG9vLmNvbS9uZXdzLyVFNSU4RiVCMCVFNyVBOSU4RCVFOSU5QiVCQiVFNSU4RSVCQiVFNSVCOSVCNHE0JUU3JTg3JTlGJUU2JTk0JUI2JUU5JTgxJTk0JUU2JTg4JTkwJUU4JUIyJUExJUU2JUI4JUFDLSVFNSU4NSVBOCVFNSVCOSVCNCVFNSVCOSVCNCVFNiVCOCU5QjQtNS0lRTUlODQlQUElRTYlOTYlQkMlRTklQTAlOTAlRTYlOUMlOUYtMDcxNjA3NDM5Lmh0bWzSAQA?oc=5,2024-01-10 07:20:35,台積電去年Q4營收達成財測，全年年減4.5%，優於預期,Yahoo奇摩股市,https://tw.stock.yahoo.com/news/%E5%8F%B0%E7%A9%8D%E9%9B%BB%E5%8E%BB%E5%B9%B4q4%E7%87%9F%E6%94%B6%E9%81%94%E6%88%90%E8%B2%A1%E6%B8%AC-%E5%85%A8%E5%B9%B4%E5%B9%B4%E6%B8%9B4-5-%E5%84%AA%E6%96%BC%E9%A0%90%E6%9C%9F-071607439.html,【財訊快報／記者李純君報導】礙於匯率不佳，加上逼近年尾，晶圓代工龍頭台積電(2330)，12月業績下滑，累計2023年營收年減幅度僅4.5%，優於預期。台積電去年12月營收1763億元，月減14.4%，年減8.4%，而計去年第四季營收6255.29億元，季減14.41%。台積電原先釋出的第四季財測，以匯率32元計算，單季營收約188-196億美元，季增8.8-13.4%，換算6016億元-6272億元新台幣，季增10.03%-14.7%，實際成績，達成財測。累計台積電2023年營收2.16兆元，年減4.5%，優於預期的年減一成內。而公司將於本月18日召開法說，屆時將會釋出對2024年大環境與半導體景氣的看法。
2024-01-15 07:25:30,2330台積電,台積電 12 月營收公布！台積電 ( 2330 ) - 全球半導體霸主！完整台積電介紹！ - StockFeel 股感,https://news.google.com/rss/articles/CBMiqgFodHRwczovL3d3dy5zdG9ja2ZlZWwuY29tLnR3LyVFNSU4RiVCMCVFNyVBOSU4RCVFOSU5QiVCQi0lRTUlOEQlOEElRTUlQjAlOEUlRTklQUIlOTQtJUU4JUEzJUJEJUU2JTg4JTkwLSVFOSVBMCU5OCVFNSU4NSU4OC0lRTQlQjglODklRTYlOTglOUYtJUU4JThCJUIxJUU3JTg5JUI5JUU3JTg4JUJFL9IBAA?oc=5,2024-01-10 08:00:00,台積電 12 月營收公布！台積電 ( 2330 ) - 全球半導體霸主！完整台積電介紹！,StockFeel 股感,https://www.stockfeel.com.tw/%E5%8F%B0%E7%A9%8D%E9%9B%BB-%E5%8D%8A%E5%B0%8E%E9%AB%94-%E8%A3%BD%E6%88%90-%E9%A0%98%E5%85%88-%E4%B8%89%E6%98%9F-%E8%8B%B1%E7%89%B9%E7%88%BE/,unknow domain
2024-01-15 07:25:30,2330台積電,台積電營收優於預期王兆立：台股準備衝萬八 - Yahoo奇摩股市,https://news.google.com/rss/articles/CBMi5AFodHRwczovL3R3LnN0b2NrLnlhaG9vLmNvbS9uZXdzLyVFNSU4RiVCMCVFNyVBOSU4RCVFOSU5QiVCQiVFNyU4NyU5RiVFNiU5NCVCNiVFNSU4NCVBQSVFNiU5NiVCQyVFOSVBMCU5MCVFNiU5QyU5Ri0lRTclOEUlOEIlRTUlODUlODYlRTclQUIlOEIlRUYlQkMlOUElRTUlOEYlQjAlRTglODIlQTElRTYlQkElOTYlRTUlODIlOTklRTglQTElOUQlRTglOTAlQUMlRTUlODUlQUItMDgxMjI5NzczLmh0bWzSAQA?oc=5,2024-01-10 08:12:29,台積電營收優於預期王兆立：台股準備衝萬八,Yahoo奇摩股市,https://tw.stock.yahoo.com/news/%E5%8F%B0%E7%A9%8D%E9%9B%BB%E7%87%9F%E6%94%B6%E5%84%AA%E6%96%BC%E9%A0%90%E6%9C%9F-%E7%8E%8B%E5%85%86%E7%AB%8B%EF%BC%9A%E5%8F%B0%E8%82%A1%E6%BA%96%E5%82%99%E8%A1%9D%E8%90%AC%E5%85%AB-081229773.html,"晶圓代工龍頭台積電（2330）今（10）日下午公布2023年12月自結合併營收1763億元，低於11月，2023年全年合併營收2.16兆元、年減4.5％，優於預期，資深台股分析師王兆立受訪時表示，明天台股有機會上漲，年底前有望達萬八。延伸閱讀：史上次高！台積電2023年營收2.16兆元 優於預期台積電公布去年12月營收為新台幣1,763億元，月減14%、年減8%，呈現雙減，市場出現兩派聲音，有人認為雙減對明天台股走勢扣分，但有人認為，比預期好，明天應該會「噴爆」。王兆立指出，台積電營收跟市場預期差不多，且略優於預期，明天股價基本上會朝正面發展，若台積電小漲，台股會傾向「向上」，也就是上漲機會大。另外，在台積電展望正向，以及選舉結束後變數變少、年前股票市場會上演「搶錢行情」，台股有機會在農曆年前衝到萬八。王兆立強調，投資人都很想再過年前都賺點錢，股票市場交易會比較活絡，若在加上作夢行情助攻，台股將朝正向發展，但整體還是要看美股財報；展望後市，王兆立建議投資人，持股選擇未來產業發展好的，如wifi 7、AI。台新投顧副總黃文清則表示，台積電營收其實符合原先預期，長線偏樂觀，投資人進場沒問題，投資人也可以等下周法說會更詳細內容，當然，也要小心短期有可能震盪，下周法說會是關鍵。Yahoo財經特派記者 陳依旻：待過網路媒體，期許在資訊爆炸的時代，用最淺顯易懂的方式傳達理財知識。"
2024-01-15 07:25:30,2330台積電,台積電第4季營收符合預期去年逾2.16兆元創歷史次高 - 財訊,https://news.google.com/rss/articles/CBMiR2h0dHBzOi8vd3d3LndlYWx0aC5jb20udHcvYXJ0aWNsZXMvYmU5ZDkyYzUtNjYyZS00OTRhLTlhYTAtODhjNzRhOTE0ZjJj0gEA?oc=5,2024-01-10 10:11:23,台積電第4季營收符合預期去年逾2.16兆元創歷史次高,財訊,https://www.wealth.com.tw/articles/be9d92c5-662e-494a-9aa0-88c74a914f2c,unknow domain
2024-01-15 07:25:30,2330台積電,認了！AI外資操盤人承認減持台積電持股是因地緣政治 - Yahoo奇摩股市,https://news.google.com/rss/articles/CBMigQJodHRwczovL3R3LnN0b2NrLnlhaG9vLmNvbS9uZXdzLyVFOCVBQSU4RCVFNCVCQSU4NiVFRiVCQyU4MWFpJUU1JUE0JTk2JUU4JUIzJTg3JUU2JTkzJThEJUU3JTlCJUE0JUU0JUJBJUJBJUU2JTg5JUJGJUU4JUFBJThEJUU2JUI4JTlCJUU2JThDJTgxJUU1JThGJUIwJUU3JUE5JThEJUU5JTlCJUJCJUU2JThDJTgxJUU4JTgyJUExLSVFNiU5OCVBRiVFNSU5QiVBMCVFNSU5QyVCMCVFNyVCNyVBMyVFNiU5NCVCRiVFNiVCMiVCQi0wNDQwMjIyMjAuaHRtbNIBAA?oc=5,2024-01-11 04:52:30,認了！AI外資操盤人承認減持台積電持股是因地緣政治,Yahoo奇摩股市,https://tw.stock.yahoo.com/news/%E8%AA%8D%E4%BA%86%EF%BC%81ai%E5%A4%96%E8%B3%87%E6%93%8D%E7%9B%A4%E4%BA%BA%E6%89%BF%E8%AA%8D%E6%B8%9B%E6%8C%81%E5%8F%B0%E7%A9%8D%E9%9B%BB%E6%8C%81%E8%82%A1-%E6%98%AF%E5%9B%A0%E5%9C%B0%E7%B7%A3%E6%94%BF%E6%B2%BB-044022220.html,被稱為「最懂AI機器人的基金經理人」，中信投信代理的法盛資產旗下Thematics的創辦合夥人兼投資長Karen Kharmandarian今（11）日快閃來台。他提到2024年展望AI整體產業年複合成長率達二成，營收看升9%，但要慎選標的，建議可選擇中小型股（100億美元以下），較具上漲空間。他也承認因為地緣政治風險，因此減持台積電（2330），占目前基金部位中只有2%，若完全沒風險的話，會願意增持一倍到4%。延伸閱讀：【HOT台股】文曄盤中亮燈漲停網驚「噴很大」 專家：今年IC通路商有機會被問到對台積電的地緣政治風險？Karen Kharmandarian說，基金管理投資組合考量風險管理時，地緣政治一定會是注意問題，反應在基金持股部位大小的調整。台積電整體來說是一家好公司，擁有領先技術，在財務表現及成長性都是很好，只是需注意市場上氛圍，對它信心的變化，綜合考量這些市場因素，有削減台積電的比重到2%，若假設完全沒有地緣風險，很願意增持部位到4%。他補充「整體來說，台積電還是一家我們很喜歡的公司，只是希望不要受市場氣氛變化，股價有太大的起伏，持股太多可能會影響基金績效，若都沒有，財務及估值也ok，因此風險排除的話，會很願意增持。至於台灣其他中小型科技股，亦很有潛力，但他說「本益比還沒有到合理價格」。Karen Kharmandarian認為，2022年通膨急升，科技業表現差，但2023年因AI強彈，造成「雞犬升天」，投資人湧入相關類股，半導體、軟體急飆，邁入2024年選股要特別謹慎，雖然估值還可以，但有些AI成份不高仍漲翻天，但部份公司受惠程度大，股價反倒沒漲。展望2024年整體，Karen Kharmandarian認為，目前26倍本益比還算合理，成長性方面，營收估還有9%成長率，甚至不排除高到13~14%，雖然整體金融市場不確定性高，還有潛在風險。但目前基金41檔持股成份股中，所有公司都有賺錢，也都有自由現金流量，槓桿0.2倍、利潤率為22%，為基金帶來下檔保護。他認為，2024年領漲的AI股票會跟2023年不同，像是七大巨頭如臉書、蘋果七家漲超過100%，其他公司漲幅只有13%，不像這七大巨頭漲這麼多，加上聯準會可能降息，可介入中小型股，基本面改善、本益比也合理，此時介入有機會為客戶爭取增值利潤。他認為AI技術採用還在初期，成長性可維持，但接下來投資要特別注意個股的條件，投資人短線上常高估獲利、低估潛力，若沒慎選股票，2024年可能會帶來一些失望。但機器人領域還需要一、二季才能觸底，過去二三季機器人領表現較差，對日本機器人公司較受衝擊，他認為客戶端需求比較弱，加上中國的需求是否反彈、政府是否補貼，需要觀察，還需要一、二季才能觸底。法盛AI及機器人基金投資範圍主要有六大領域，包括工廠自動化、設計軟體、醫療自動化、消費自動化、辦公室自動化、供應鍊等。尤其是供應鍊方面，包括無晶圓廠及整合元件製造商、半導體製造及自動駕駛，Karen Kharmandarian表示會積極選股，輝達雖漲很多，但還是會值得投資。策略跟執行品質將是今年會特別留意的地方。法盛資產管理為何發行AI及機器人基金？Karen Kharmandarian解釋，因為機器人跟AI二個領域愈來愈融合，未來機器人將大量應用AI技術，此外，機器人產業在周期性上比較明顯，但AI較偏向軟體及服務模式，成長率與利潤率較高，二者的結合可兼顧市場發展及經濟發展，有助投資人長線投資配置上獲得較好的投資績效。實際上AI存在多年，只是因為Chat GPT聊天機器人問市，對生活面包括生產力、效率產生巨幅影響，而且產業前景樂觀，年複合成長率高達20%，且市場應用還在不斷擴大中。Thematics在法國巴黎成立五年。資產40億美元，其中10億美元在AI及機器人產業，看到改變生活的巨大潮流，影響眾多產業，甚至農業。2015年領先業界成為首位管理機器人主題的主動型基金經理人Karen Kharmandarian亦是Thematics創業合夥人今日快閃來台。Yahoo財經特派記者 葉憶如：22年財經主流媒體資歷，從2000年Web1.0泡沫化到Meta元宇宙Web3.0，見證台灣大小企業集團興衰史，歷經國際5次金融危機。認為金融即生活，無所不在，再難的理財知識要淺白的說。無論老小都該理財，你不理財，財不理你。
2024-01-15 07:25:30,2330台積電,台股選後將有不同局面，台積電若能趁勢反攻，則萬八就可期待 - Yahoo奇摩股市,https://news.google.com/rss/articles/CBMimwJodHRwczovL3R3LnN0b2NrLnlhaG9vLmNvbS9uZXdzLyVFNSU4RiVCMCVFOCU4MiVBMSVFOSU4MSVCOCVFNSVCRSU4QyVFNSVCMCU4NyVFNiU5QyU4OSVFNCVCOCU4RCVFNSU5MCU4QyVFNSVCMSU4MCVFOSU5RCVBMi0lRTUlOEYlQjAlRTclQTklOEQlRTklOUIlQkIlRTglOEIlQTUlRTglODMlQkQlRTglQjYlODElRTUlOEIlQTIlRTUlOEYlOEQlRTYlOTQlQkItJUU1JTg5JTg3JUU4JTkwJUFDJUU1JTg1JUFCJUU1JUIwJUIxJUU1JThGJUFGJUU2JTlDJTlGJUU1JUJFJTg1LTA4MzIxNDQyOS5odG1s0gEA?oc=5,2024-01-12 08:32:14,台股選後將有不同局面，台積電若能趁勢反攻，則萬八就可期待,Yahoo奇摩股市,https://tw.stock.yahoo.com/news/%E5%8F%B0%E8%82%A1%E9%81%B8%E5%BE%8C%E5%B0%87%E6%9C%89%E4%B8%8D%E5%90%8C%E5%B1%80%E9%9D%A2-%E5%8F%B0%E7%A9%8D%E9%9B%BB%E8%8B%A5%E8%83%BD%E8%B6%81%E5%8B%A2%E5%8F%8D%E6%94%BB-%E5%89%87%E8%90%AC%E5%85%AB%E5%B0%B1%E5%8F%AF%E6%9C%9F%E5%BE%85-083214429.html,【財訊快報／黃啟乙】如果以日股來看，在元旦過後，反而大漲而上，甚至再創高點；相對的台股在元旦之後，卻向下修正！若以趨勢來看，日股與台股的關聯性愈來愈高，尤其進入2024年之後，這種聯結性會更為明顯！但此時，台股卻因為大選的不確定因素，令台股出現被壓抑的現象，預估在選後，會有不同局面。尤其長期支持再生能源、軍工、航太這一方的候選人當選，上述這些產業，可能會出現向上反攻的動力。另外，2024年是進入AI大量運用的一年，這會推動台積電(2330)進一步表態，若台積電在選後可以趁勢反攻而上，台股攻過1萬8千點，就可期待。
2024-01-15 07:26:15,2317鴻海,鴻海等蘋果供應鏈 已砸近5000億「去中國化」 - 自由財經,https://news.google.com/rss/articles/CBMiMmh0dHBzOi8vZWMubHRuLmNvbS50dy9hcnRpY2xlL2JyZWFraW5nbmV3cy80NTQyNDEw0gE2aHR0cHM6Ly9lYy5sdG4uY29tLnR3L2FtcC9hcnRpY2xlL2JyZWFraW5nbmV3cy80NTQyNDEw?oc=5,2024-01-05 02:47:06,鴻海等蘋果供應鏈 已砸近5000億「去中國化」,自由財經,https://ec.ltn.com.tw/article/breakingnews/4542410,鴻海（2317）等蘋果（Apple）供應商，已投資160億美元（約新台幣4968億元），將製造業轉移或回流，擺脫對中國的過度依賴。（資料照）林浥樺／核稿編輯〔財經頻道／綜合報導〕自2018年以來，包括iPhone製造商鴻海（2317）在內的蘋果（Apple）供應商已投資160億美元（約新台幣4968億元），不斷擴大計畫，將製造業轉移或回流，擺脫對中國的過度依賴。TD Cowen表示，自2018年以來，蘋果供應商已花費約160億美元，將生產資產從中國分散到印度、墨西哥、美國和越南等國家。雖然供應商轉移在短期內仍會帶來高昂成本，一旦中國以外的產能完全形成規模，產品成本將從長期來看得到好處。TD Cowen預計，在蘋果看到完全的營運利潤率前，還需要多年的時間，而較高的製造成本部分由蘋果承擔，儘管這一點在最近的利潤趨勢中尚未完全體現。蘋果和大多數依賴中國的科技公司，一直在努力擺脫這種依賴，部分原因是美中貿易緊張局勢持續。至少就蘋果而言，由於中國武漢肺炎清零政策、零組件供應、電力供應問題等外，生產也出現了嚴重延誤，估計蘋果營收受到逾300億美元的影響（約新台幣9315億元）。不過TD Cowen分析師指出，儘管印度塔塔電子（Tata Electronics）有潛力成為未來的iPhone出口商，iPhone生產目前仍受制於中國。印度正迅速成為iPhone的最大消費國，這種當地化生產，不僅降低配送物流成本，還少了關稅提高當地果迷購買iPhone的能力，不過TD Cowen認為，iPhone的生產，從中國轉移到印度的程度仍然有限。TD Cowen表示：「我們認為，印度工廠目前的產能可以支援2500萬台左右的年產能，這將支持當地約1000萬部的需求，並可能占美國iPhone年需求的約20%（約占全球需求的30%）。）」相較之下，Mac和iPad憑藉東南亞的新產能，在回流市場取得良好進展，供應鏈的實地考察表明，越南近年來發展成為1個主要的電腦生產中心，MacBook、iPad、Apple Watch已經在那裡生產了。TD Cowen預估，越南產能可滿足美國Mac和iPad年需求40%左右，雖然這是一個良好的進展，但要實現回流 ，仍需要向非中國供應商分散產能。TD Cowen估計，1家公司建立新廠需長達18個月，而組織整個供應鏈可能需要更長。 若連一個關鍵組件無法在降低風險的地區以外生產，那麼回流就只能是部分回流。           
2024-01-15 07:26:15,2317鴻海,營收：鴻海(2317)12月營收4601億2462萬元，月增率-29.21%，年增率-26.89% - 富聯網,https://news.google.com/rss/articles/CBMiUWh0dHBzOi8vd3cyLm1vbmV5LWxpbmsuY29tLnR3L1JlYWx0aW1lTmV3cy9OZXdzQ29udGVudC5hc3B4P1NOPTIwMDk2NDkwMDImUFU9MDAxMNIBAA?oc=5,2024-01-05 07:30:00,營收：鴻海(2317)12月營收4601億2462萬元，月增率-29.21%，年增率-26.89%,富聯網,https://ww2.money-link.com.tw/RealtimeNews/NewsContent.aspx?SN=2009649002&PU=0010,unknow domain
2024-01-15 07:26:15,2317鴻海,"《業績-其他電》鴻海12月營收為4,601.25億元，年減26.89% - Yahoo奇摩股市",https://news.google.com/rss/articles/CBMisAFodHRwczovL3R3LnN0b2NrLnlhaG9vLmNvbS9uZXdzLyVFNiVBNSVBRCVFNyVCOCVCRS0lRTUlODUlQjYlRTQlQkIlOTYlRTklOUIlQkItJUU5JUI0JUJCJUU2JUI1JUI3MTIlRTYlOUMlODglRTclODclOUYlRTYlOTQlQjYlRTclODIlQkE0LTYwMS0yNSVFNSU4NCU4NCVFNSU4NSU4My0wNzMzMzE2NjIuaHRtbNIBAA?oc=5,2024-01-05 08:00:00,"《業績-其他電》鴻海12月營收為4,601.25億元，年減26.89%",Yahoo奇摩股市,https://tw.stock.yahoo.com/news/%E6%A5%AD%E7%B8%BE-%E5%85%B6%E4%BB%96%E9%9B%BB-%E9%B4%BB%E6%B5%B712%E6%9C%88%E7%87%9F%E6%94%B6%E7%82%BA4-601-25%E5%84%84%E5%85%83-073331662.html,"【時報-快訊】鴻海(2317)12月營收(單位:千元)項目 12月營收 1-12月營收112年度 460,124,625 6,159,571,192111年同期 629,339,433 6,621,941,760增減金額 -169,214,808 -462,370,568增減(％) -26.89 -6.98"
2024-01-15 07:26:15,2317鴻海,鴻海營收／2023年6.15兆元 歷年同期次高、略優於預估 - 聯合新聞網,https://news.google.com/rss/articles/CBMiJ2h0dHBzOi8vdWRuLmNvbS9uZXdzL3N0b3J5LzcyNTEvNzY4ODUzONIBK2h0dHBzOi8vdWRuLmNvbS9uZXdzL2FtcC9zdG9yeS83MjUzLzc2ODg1Mzg?oc=5,2024-01-05 08:00:00,鴻海營收／2023年6.15兆元 歷年同期次高、略優於預估,聯合新聞網,https://udn.com/news/story/7251/7688538,"鴻海（2317）今（5）日公布2023年12月營收為4,601億元，月減 29.21%，年減 26.89%，略優於市場預估。2023年第四季營收為1.8 兆元，季增 20.00%，年減 5.40%，略優於市場預估。2023年全年營收為6.15兆元，年減6.98%，創歷年同期次高，也略優於市場預估。   展望2024 年第一季，鴻海表示，整體營運逐步進入傳統淡季，預期季節性表現將與過去三年相當。 2023 年第一季因廠區在疫情過後恢復正常生產，出貨增加致比較基期較高，預期本季會有年減的情況。   鴻海表示，2023年12月營收，除「電腦終端產品類別」及「消費智能產品類別」之外，其他產品線呈現月增。   鴻海指出，2023年第四季營收與11月法說會展望相比，整體季對季表現及「雲端網路產品類別」表現優於公司預期，年對年表現，所有產品類別皆優於公司預期。2023年全年自結數營收符合11月法說會展望。"
2024-01-15 07:26:15,2317鴻海,超慘！鴻海12月營收「月減29.1%、年減26.8%」 網看傻：要跌破100了？ - Yahoo奇摩新聞,https://news.google.com/rss/articles/CBMilwFodHRwczovL3R3Lm5ld3MueWFob28uY29tLyVFOCVCNiU4NSVFNiU4NSU5OC0lRTklQjQlQkIlRTYlQjUlQjcxMiVFNiU5QyU4OCVFNyU4NyU5RiVFNiU5NCVCNi0lRTYlOUMlODglRTYlQjglOUIyOS0xLSVFNSVCOSVCNCVFNiVCOCU5QjI2LTEwMzAwMDEyMi5odG1s0gEA?oc=5,2024-01-05 08:00:00,超慘！鴻海12月營收「月減29.1%、年減26.8%」 網看傻：要跌破100了？,Yahoo奇摩新聞,https://tw.news.yahoo.com/%E8%B6%85%E6%85%98-%E9%B4%BB%E6%B5%B712%E6%9C%88%E7%87%9F%E6%94%B6-%E6%9C%88%E6%B8%9B29-1-%E5%B9%B4%E6%B8%9B26-103000122.html,[FTNN新聞網]記者蕭宥彤／台北報導科技大廠鴻海今（5）日股價在平盤間震盪，終場收在104元持平。鴻海盤後也公布2023年12月營收為4601.24億元，月減29.1%，年減26.8%，雖然略優於市場預期，但雙減的消息引發網友熱議「這很慘吧」、「要跌破100了？」，但也有網友緩頰「雖然很爛，不過第四季還略優於市場預期」。鴻海（2317）今天公布12月合併營收為4601億2462萬元，較11月的6500億2111萬元，減少約29.1%；和去年同月的6293億3943萬元相較，減少金額約為1692億1480萬元，年減26.89%。累計2023年1至12月營收達6兆1595億7119萬元，相較2022年同期的6兆6219億4176萬元，減少金額為4623.7億元，雖然年減6.98%，但仍寫下歷年同期次高紀錄。鴻海營收一出，不少PTT網友直呼「噴爆了」、「欸不是，這很慘吧」、「越爛越噴啊」、「要跌破100了？」、「不是說消費電子復甦...阿這是啥鬼」、「要噴到天花板了」、「真 鴻海危機」、「鴻海年底營收通常拉尾盤，掉下去呢」；但也有網友緩頰「雖然很爛，不過第四季還略優於市場預期」。◎《FTNN新聞網》提醒您：本資料僅供參考，投資人應獨立判斷，審慎評估並自負投資風險。更多FTNN新聞網報導阿姨起飛！宏達電12月營收雙增「月增82.29%」 他急喊：我還沒上車南電12月營收「年減53.4%」！外資心寒倒成殿軍 這檔營建股也被賣爛涼了？廣達10月營收雙減！ 網見「月減6.99%」搖頭：只有噴這條路
2024-01-15 07:26:15,2317鴻海,鴻海2023年營收6.15兆元創歷史次高Q1估下滑 - Yahoo奇摩新聞,https://news.google.com/rss/articles/CBMiuwFodHRwczovL3R3Lm5ld3MueWFob28uY29tLyVFOSVCNCVCQiVFNiVCNSVCNzIwMjMlRTUlQjklQjQlRTclODclOUYlRTYlOTQlQjY2LTE1JUU1JTg1JTg2JUU1JTg1JTgzJUU1JTg5JUI1JUU2JUFEJUI3JUU1JThGJUIyJUU2JUFDJUExJUU5JUFCJTk4LXExJUU0JUJDJUIwJUU0JUI4JThCJUU2JUJCJTkxLTAyMzI1NDk3My5odG1s0gEA?oc=5,2024-01-05 08:00:00,鴻海2023年營收6.15兆元創歷史次高Q1估下滑,Yahoo奇摩新聞,https://tw.news.yahoo.com/%E9%B4%BB%E6%B5%B72023%E5%B9%B4%E7%87%9F%E6%94%B66-15%E5%85%86%E5%85%83%E5%89%B5%E6%AD%B7%E5%8F%B2%E6%AC%A1%E9%AB%98-q1%E4%BC%B0%E4%B8%8B%E6%BB%91-023254973.html,[周刊王CTWANT] 鴻海(2317)5日公布2023年12月營收為4601億元，月減29.21%，年減26.89%；累計2023年全年自結數營收為6兆1596億元，年減6.98%，創歷年同期次高，優於市場預估，且符合11月法說會展望。法人認為，2024年第一季進入傳統淡季，加上去年基期較高，所以預計第一季營運可能會出現年減的狀況。數據顯示，鴻海去年12月合併營收4601.25億元，其實是2016年12月以來同期新低，但去年第4季表現及雲端網路產品表現優於集團內部預期。觀察4大產品線，鴻海表示，去年第4季元件及其他產品，受惠消費智能產品零組件出貨增加強勁成長，消費智能產品也因新品拉貨需求及節日銷售備貨而大幅成長。然而電腦終端產品去年第4季表現與第3季持平，雲端網路產品去年第4季因雲端客戶拉貨動能增加；但與2022年同期相比，因客戶拉貨動能保守呈現略微衰退。鴻海發言人巫俊毅日前表示，2024年的展望持比較「中性」的看法。陸媒表示，中國富士康今年將擴大投資河南，進行產業轉型投資，項目涵蓋消費電子關鍵零組件、5G手機精密機構件、以及新產能提升等。印度政府近期也表示，鴻海將在卡納塔克邦投資生產iPhone外殼組件與晶片製造設備。看更多 CTWANT 文章女兒出國突腦溢血「花近4百萬治療」 保險公司1原因拒賠…竟是常犯錯誤70歲阿公熱愛「鱷魚爬」下山 他「滿頭黑髮、8塊腹肌」羨煞路人過年回娘家沒地方住 她查春節住宿價格氣炸「直接改當天來回」
2024-01-15 07:26:15,2317鴻海,鴻海iPhone產線拚出貨 祭銀彈年前招工 - 自由財經,https://news.google.com/rss/articles/CBMiMmh0dHBzOi8vZWMubHRuLmNvbS50dy9hcnRpY2xlL2JyZWFraW5nbmV3cy80NTQ2MTc00gE2aHR0cHM6Ly9lYy5sdG4uY29tLnR3L2FtcC9hcnRpY2xlL2JyZWFraW5nbmV3cy80NTQ2MTc0?oc=5,2024-01-09 02:19:27,鴻海iPhone產線拚出貨 祭銀彈年前招工,自由財經,https://ec.ltn.com.tw/article/breakingnews/4546174,鴻海展開年前招工作業，將確保春節期間iPhone 15 Pro與Pro Max高階機種訂單能穩定出貨。（彭博檔案照）〔記者方韋傑／台北報導〕鴻海（2317）今年首季營運逐步進入傳統淡季模式，管理團隊預期季節性表現將與過去3年相當，不過，集團旗下富士康鄭州、濟源、深圳龍華與觀瀾等廠區，現已同步祭出銀彈、展開年前招工作業，將確保春節期間iPhone 15 Pro與Pro Max高階機種訂單能穩定出貨。鴻海iPhone生產重鎮、富士康河南鄭州廠的iPEG事業群已制定最新招工政策，旗下1月至2月入職的員工，若符合首次返崗或自主報名上工條件，可獲得8000人民幣的旺季激勵獎金（約新台幣3.4萬元），若員工是周期性地返回工作崗位，則可獲得8500人民幣旺季激勵獎金（約新台幣3.7萬元）此外，富士康深圳龍華與觀瀾廠區的iPEBG事業群也開始招募正式員工，提供6500人民幣的旺季獎金（約新台幣2.8萬元），新進員工可另外分3個月獲得共計480人民幣（約新台幣2093元）的入職獎金，入職前需通過線上AI面試才可報到，而鴻海也制定防呆措施，旺季獎金須於今年旺季結束時仍在職才可領取。而關於去年新啟用的富士康河南濟源廠區，現階段也同步進行普通員工招募作業，官方給予的基本薪資為2200人民幣（約新台幣9595元），若加上其他工作津貼與獎金，綜合收入可望超過4500人民幣（約新台幣1.96萬元）；由於中國各地勞工市場行情不同，因此鴻海於各地提出的薪資略有差異。回顧鴻海去年12月營收4601億元，月減 29.21%、年減 26.89%；第4季營收1兆8513億元，季增20%、年減 5.4%；2023 全年自結數營收為6兆1596億元、年減6.98%，創歷年同期次高，展望今年首季，管理團隊強調，去年同期因廠區在疫情過後恢復正常生產、出貨增加，造成比較基期較高，預期今年首季營運表現將呈現年對年衰退。           
2024-01-15 07:26:15,2317鴻海,外資近3日賣超個股 | anue鉅亨網 | LINE TODAY - LINE TODAY Taiwan,https://news.google.com/rss/articles/CBMiK2h0dHBzOi8vdG9kYXkubGluZS5tZS90dy92Mi9hcnRpY2xlL1Z4SkxqYWzSAS9odHRwczovL3RvZGF5LmxpbmUubWUvdHcvdjIvYW1wL2FydGljbGUvVnhKTGphbA?oc=5,2024-01-10 00:58:45,外資近3日賣超個股 | anue鉅亨網 | LINE TODAY,LINE TODAY Taiwan,https://today.line.me/tw/v2/article/VxJLjal,unknow domain
2024-01-15 07:26:15,2317鴻海,鴻海斥資1000萬美元增資墨西哥子公司 擴充產能 - 聯合新聞網,https://news.google.com/rss/articles/CBMiJ2h0dHBzOi8vdWRuLmNvbS9uZXdzL3N0b3J5LzcyNDAvNzY5OTU3MtIBK2h0dHBzOi8vdWRuLmNvbS9uZXdzL2FtcC9zdG9yeS83MjQwLzc2OTk1NzI?oc=5,2024-01-10 11:28:10,鴻海斥資1000萬美元增資墨西哥子公司 擴充產能,聯合新聞網,https://udn.com/news/story/7240/7699572,"鴻海（2317）今（10）日公告斥資1,000萬美元（約新台幣3.11億元）增資墨西哥子公司，外界推測，鴻海主要是持續擴增墨西哥廠的產能，衝刺人工智慧（AI）伺服器與電動車零組件兩大事業。   鴻海是代子公司Focus PC Enterprises Limited取得 Cloud Network Technology Kft.股權，並代子公司Cloud Network Technology Kft. 取得Ingrasys Technology Mexico S.A. de C.V.股份，交易總金額是1,000萬美元。   供應鏈人士表示，鴻海2023年在AI伺服器產業大有斬獲，其中，市場傳出，AI晶片龍頭輝達（Nvidia）在北美地區的H100 AI伺服器模組訂單，由鴻海全數拿下，並規劃在鴻海墨西哥、美國與新竹等地進行生產，看好鴻海在H100模組的高產能與良率，為鴻海後續爭取輝達B100模組訂單，打下良好基礎。   據悉，就AI伺服器而言，鴻海旗下鴻佰科技在新竹的廠區，以及鴻海在墨西哥與美國威斯康辛州等地，皆有產能因應，其全球布局優勢，可以降低地緣政治的風險。   至於車用產品方面，供應鏈人士表示，鴻海墨西哥廠也拿下特斯拉車用電子控制單元（ECU）訂單，還將擴大出貨車用電子模組產品，全面擴大供應特斯拉產品的版圖，帶動鴻海集團衝刺車用零組件市場。   據悉，鴻海墨西哥廠主要供貨特斯拉系列車種電池機構件、電池支架組件、電池背蓋、後行李箱塑件、尾門內飾等零組件；現在又加入ECU，以及車用電子模組產品，使得鴻海集團在供貨特斯拉的版圖愈做愈大。    💡 追新聞》》在 Google News 按下追蹤，科技玩家好文不漏接！  📢 衝了！台灣寶可夢中心入店新規則出爐 這幾天都能「免排隊直接進」  📢 LINE限免貼圖7款來了！2024跨年就用它、這款有淚眼汪汪攻擊  📢 買二手蘋果iPhone要注意什麼？達人曝12點「必檢查項目」避免被誆  📢 Switch遊戲特賣最低4折！Switch運動折扣曝光、「友誼破壞遊戲」也特價  📢 黃牛囧囉！「絕版品」Suica西瓜卡停售後復活 日本超限定購買地點、開賣規則大公開 "
2024-01-15 07:26:15,2317鴻海,打開鴻海與輝達結緣史從黃仁勳送給馬斯克的那台AI 伺服器說起| 產業熱點| 產業| 經濟日報 - 經濟日報,https://news.google.com/rss/articles/CBMiLmh0dHBzOi8vbW9uZXkudWRuLmNvbS9tb25leS9zdG9yeS81NjEyLzc2OTk5MjLSAQA?oc=5,2024-01-10 15:07:55,打開鴻海與輝達結緣史從黃仁勳送給馬斯克的那台AI 伺服器說起| 產業熱點| 產業| 經濟日報,經濟日報,https://money.udn.com/money/story/5612/7699922,  全球EMS龍頭鴻海（2317）集團與全球人工智慧（AI）晶片龍頭輝達（Nvidia）的結緣其實非常早，早在全世界都還不知道有AI伺服器、OpenAI與ChatGPT時，鴻海就已經與輝達攜手，打造全球第一台AI伺服器。  共同開發全球首台AI伺服器 鴻海集團。 （路透）  鴻海旗下負責AI伺服器製造的工業富聯首席數據官劉宗長回憶，工業富聯早在2017年就與輝達合作開發伺服器產品，當時推出全世界第一台AI伺服器HGX1。OpenAI創立時，有一張照片展現的是輝達創辦人暨執行長黃仁勳贈送一台AI伺服器給馬斯克，並在上面簽名，當時那款伺服器就是工業富聯與輝達共同研發的第一代AI伺服器。
2024-01-15 07:26:15,2317鴻海,鴻海2子公司12月列美觀察清單 工業富聯遲至現在才回應 - 自由財經,https://news.google.com/rss/articles/CBMiMmh0dHBzOi8vZWMubHRuLmNvbS50dy9hcnRpY2xlL2JyZWFraW5nbmV3cy80NTQ4NTA20gE2aHR0cHM6Ly9lYy5sdG4uY29tLnR3L2FtcC9hcnRpY2xlL2JyZWFraW5nbmV3cy80NTQ4NTA2?oc=5,2024-01-11 01:18:25,鴻海2子公司12月列美觀察清單 工業富聯遲至現在才回應,自由財經,https://ec.ltn.com.tw/article/breakingnews/4548506,工業富聯透過聲明表示，正在認真評估情況，並積極探討適當的應對措施。（工業富聯提供）〔記者方韋傑／台北報導〕美國商務部工業與安全局（BIS）去年12月19日，將13家位於中國的企業列入「未經核實清單」，當中包括鴻海（2317）集團旗下工業富聯2家子公司，對此，工業富聯至本月才正式對外回應，稱正在認真評估情況，並積極探討適當的應對措施。美國商務部工業與安全局（BIS）去年12月19日修訂《出口管理條例》（EAR），更新當中的「未經核實清單（UVL）」，新增北京金盛博越科技、北京森柏信通科技、天津富聯精密電子、廣州新崴國際運輸、廣州芯雲智慧科技、南寧富聯富桂精密工業、寧波沐福貿易、廈門普萊克斯、江蘇至純系統集成、深圳市博之通達科技、深圳嘉立創科技、深圳市金格朗伊科技、西安儀爾達科技共13家位於中國的企業。業界人士指出，一旦企業被列入「未經核實清單」，須申請許可才能採購受美國《出口管理條例》管轄的物品，也需要對供應鏈附註相關證明文件，而與其產品有關的美國供應商在出口時也要事先申報，因此，美國廠商通常不遠與被列入清單的企業往來，以避免經濟損失風險。關於旗下2間子公司被列入「未經核實清單」，工業富聯透過中國上海證券交易所投資者互動平台聲明表示，正在認真評估情況，並積極探討適當的應對措施，也強調集團始終如一地合法合規經營，目前經營一切正常。公開資料顯示，天津富聯精密電子隸屬於富士康科技集團，於2010年在天津經開區成立，是工業富聯全資控股子公司，主要從事伺服器、機櫃等雲端運算產品的研發與製造，業務也涵蓋顯卡、車載導航主板，可客製化貨櫃式資料中心。「富聯富桂精密工業有限公司」則為工業富聯全資子公司，負責開發、生產新型電子元件、傳送通信系統設備、便攜式微型電腦、車載通訊裝置、衛星導航定位接收設備、基站濾波器、手機、衛星電視接收設施、太陽能電池組。           
2024-01-15 07:26:15,2317鴻海,鴻海（2317）營收優於市場預估！ 專家：朋友紀律投入…成本及時間成最大優勢| 聯合新聞網 - 聯合新聞網,https://news.google.com/rss/articles/CBMiJ2h0dHBzOi8vdWRuLmNvbS9uZXdzL3N0b3J5LzcyNTIvNzcwMDU5M9IBAA?oc=5,2024-01-11 02:23:51,鴻海（2317）營收優於市場預估！ 專家：朋友紀律投入…成本及時間成最大優勢| 聯合新聞網,聯合新聞網,https://udn.com/news/story/7252/7700593,  鴻海（2317）營收公佈了！12月營收是4601億元，年衰退26.89%，整年營收則是6.15兆元，年衰退6.98%，創下歷年同期次高，雖然2項營收都是衰退，不過成績都是有優於市場預估！   去年10月底鴻海出現94.x元的低價，我用小資翻倍存股術往下買了2批，成本算是不錯，可惜沒有繼續下跌讓我能夠如願買到久違的8字頭；但使用小資翻倍存股術在鴻海還能小賺一些，成績算是滿意的！   不知道大大們記不記得我那位，熱忠於買鴻海而且也買了很久的好朋友，她根本不以為意我買鴻海賺的這些，因為她說：「我覺得還是我的成本漂亮多了！」...   畢竟她從好幾年前就買了台積電、鴻海...等等這些大型績優股，而且每年都很固定、有紀律的把薪水、獎金持續投入，當然那時候誰都不知道台股會漲的那麼高，所以現在回過頭來看，成本和時間都變成她的一大優勢，她過去也只是領月薪的小資族，但打開對帳單可以看到滿滿的未實現損益和成本很低的龍頭股，是個從外表看雖是小資族，實際上荷包已經賺飽飽且財務自由的隱形小富豪。   很多大大從去年開始投資，其實去年的開戶人數新增97.8萬戶，尤其20~29歲占比最高，佔4成以上，而且去年的19歲以下首次開戶占比已經成長到21.07%，雖然在這時候開始投資遇到漲很高的股市，不容易買到便宜、好價格的績優龍頭股，但這時候開始投資我覺得說不定是好事喔！   現在聽到新手大大們都想要買便宜價，跟以前想追高、追熱度題材的人相比少了很多，或許在真正體驗到想買股票卻一直買不到便宜價的經歷後，以後股市真的跌下去了，自己也才真的買得下手，買的滿手便宜和好股（那時候氣氛一定是恐慌的）。   股市永遠都在，年輕人的未來還很長一定能夠遇到好的機遇，不用擔心，現階段可以做的事情除了充實知識、多累積觀察名單以外，也可以先好好妥善應用小資翻倍存股術，練習在股市高點也能找到安全買股的時機，一邊累積資產。   ◎本文內容已獲 艾蜜莉-自由之路 授權，原文出處於此；未經同意禁止取用轉載。
2024-01-15 07:26:15,2317鴻海,什麼優勢吸引「蔣爸」加入鴻海？3大優勢搶半導體大餅讓蔣尚義投身一搏- Smart自學網|財經好讀- 智富月刊- 股票(台積電 ... - Smart自學網,https://news.google.com/rss/articles/CBMiSGh0dHBzOi8vc21hcnQuYnVzaW5lc3N3ZWVrbHkuY29tLnR3L1JlYWRpbmcvSW5kZXBBcnRpY2xlLmFzcHg_SUQ9NjAxMzgyNtIBAA?oc=5,2024-01-15 03:30:22,什麼優勢吸引「蔣爸」加入鴻海？3大優勢搶半導體大餅讓蔣尚義投身一搏- Smart自學網|財經好讀- 智富月刊- 股票(台積電 ...,Smart自學網,https://smart.businessweekly.com.tw/Reading/IndepArticle.aspx?ID=6013826,unknow domain
2024-01-15 07:27:05,2412中華電,龍頭就是狂！中華電2023年每股賺4.76元 連四年拿獲利王 - 聯合新聞網,https://news.google.com/rss/articles/CBMiJ2h0dHBzOi8vdWRuLmNvbS9uZXdzL3N0b3J5LzcyNTMvNzY5OTU1NdIBK2h0dHBzOi8vdWRuLmNvbS9uZXdzL2FtcC9zdG9yeS83MjUzLzc2OTk1NTU?oc=5,2024-01-10 11:16:35,龍頭就是狂！中華電2023年每股賺4.76元 連四年拿獲利王,聯合新聞網,https://udn.com/news/story/7253/7699555,"電信三雄公布2023年營運表現，中華電信（2412）以每股稅後純益4.76元，拿下電信每股獲利王寶座，創六年新高，受惠合併案效益，台灣大（3045）及遠傳（4904）12月營收同步成長，台灣大受惠業外貢獻，12月獲利爆衝，全年每股稅後純益來到4.33元，為四年來新高。遠傳則為3.42元，為七年來新高。   中華電信2023營收為2,232億元，年增3%；歸屬於母公司業主淨利為369.2億元，年增1.2%；每股稅後純益4.76元，年增1.2%，營收、獲利均超越財測高標，獲利達成率102.3%至106.8%。   中華電信董事長郭水義表示，去年營收及盈餘雙雙超越財測高標，並創下連續四年成長、並攀上六年新高的佳績，三個事業群持續於核心及新興業務上努力衝刺，使行動服務營收年增6.4%，客戶數市占率持續維持領導地位，行動平均帳單金額（ARPU）穩定攀升，固網ARPU走揚且資通訊服務營收達近雙位數成長，成績亮眼。   中華電信表示，12月資通訊收入超過雙位數成長。智慧聯網營收因智慧電表及智慧建築等專案入帳，年成長達雙位數；IDC及雲端營收因雲端系統專案及IDC機房建置案入帳，營收成長超過60%。   中華電信指出，由於行動業務持續向上走揚，整體行動服務營收再創新高，年增4.6%，連續33個月成長。行動服務品質帶動5G用戶數與整體090門號數持續增加，行動數據營收亦因國際漫遊成長而增加，行動月租型ARPU年增2.9%，連續33個月上揚，行動月租型離網率則維持0.39%，持續保持電信業最低，固網寬頻營收因升速促銷方案廣受歡迎而持續向上，寬頻接取營收年增3.8%，數據網路營收年增2.4%，其中Wi-Fi營收維持年增率45%，維持強勁表現。   中華電信截至12月底行動通信總客戶數達1,313.8萬戶，其中，090月租型客戶數年增1.2%，已連續36個月成長；光世代寬頻用戶數為380.4萬戶，其中，高速用戶因「速在必行」方案吸引，300Mbps以上客戶達129.4萬戶；MOD客戶數則達205.5萬戶。   中華電信表示，除繳出財務績效超標的成績單，亦持續強化公司治理，效法國際最佳實踐，通過「高階經理人獎勵性薪酬索回政策」，不僅創台灣電信業之先河，也是台灣少數透過薪資索回制度以確保高階主管之決策與投資人長期利益結合的台灣企業。   此外，中華電信指出，去年12月參與台灣碳權交易所首批碳權採購，以採購碳權配合「科技減碳」與「使用再生能源」兩大減碳策略，持續往淨零排放目標邁進，實踐「以永續發展為基礎的國際標竿企業」的願景。"
2024-01-15 07:27:05,2412中華電,電信三雄去年犀利中華電賺369億元每股純益4.76元| 集中市場| 證券| 經濟日報 - 經濟日報,https://news.google.com/rss/articles/CBMiLmh0dHBzOi8vbW9uZXkudWRuLmNvbS9tb25leS9zdG9yeS81NzEwLzc2OTk2OTHSAQA?oc=5,2024-01-10 16:37:55,電信三雄去年犀利中華電賺369億元每股純益4.76元| 集中市場| 證券| 經濟日報,經濟日報,https://money.udn.com/money/story/5710/7699691,"  電信三雄公布2023年營運表現，中華電信（2412）以每股純益4.76元，拿下電信每股獲利王寶座，創六年新高。受惠合併案效益，台灣大及遠傳去年12月營收同步成長；台灣大去年全年每股純益4.33元，為四年新高；遠傳為3.42元，為七年來新高。   中華電信去年營收2,232億元，年增3%；歸屬於母公司業主淨利369.2億元，年增1.2%，每股純益4.76元，營收、獲利均超越財測高標，獲利達成率102.3%至106.8%。"
2024-01-15 07:27:05,2412中華電,盈餘：中華電(2412)公佈112年12月歸屬母公司業主淨利22.8億元，EPS 0.30元 - 富聯網,https://news.google.com/rss/articles/CBMiUWh0dHBzOi8vd3cyLm1vbmV5LWxpbmsuY29tLnR3L1JlYWx0aW1lTmV3cy9OZXdzQ29udGVudC5hc3B4P1NOPTIwMTI2NTEwMDImUFU9MDAxMNIBAA?oc=5,2024-01-10 23:22:00,盈餘：中華電(2412)公佈112年12月歸屬母公司業主淨利22.8億元，EPS 0.30元,富聯網,https://ww2.money-link.com.tw/RealtimeNews/NewsContent.aspx?SN=2012651002&PU=0010,unknow domain
2024-01-15 07:27:05,2412中華電,鉅亨速報 - Factset 最新調查：中華電(2412-TW)EPS預估下修至5元，預估目標價為120元 | anue鉅亨網 | LINE TODAY - LINE TODAY Taiwan,https://news.google.com/rss/articles/CBMiK2h0dHBzOi8vdG9kYXkubGluZS5tZS90dy92Mi9hcnRpY2xlL3pOWUxQWmfSAS9odHRwczovL3RvZGF5LmxpbmUubWUvdHcvdjIvYW1wL2FydGljbGUvek5ZTFBaZw?oc=5,2024-01-12 11:05:35,鉅亨速報 - Factset 最新調查：中華電(2412-TW)EPS預估下修至5元，預估目標價為120元 | anue鉅亨網 | LINE TODAY,LINE TODAY Taiwan,https://today.line.me/tw/v2/article/zNYLPZg,unknow domain
